<?xml version="1.0" encoding="UTF-8"?>
<project-private xmlns="http://www.netbeans.org/ns/project-private/1">
    <editor-bookmarks xmlns="http://www.netbeans.org/ns/editor-bookmarks/2" lastBookmarkId="0"/>
    <open-files xmlns="http://www.netbeans.org/ns/projectui-open-files/2">
        <group>
            <file>file:/C:/wamp/www/icic/application/views/admin/asset.php</file>
            <file>file:/C:/wamp/www/icic/application/views/admin/templates/preview_form.php</file>
            <file>file:/C:/wamp/www/icic/application/core/MY_Model.php</file>
            <file>file:/C:/wamp/www/icic/application/controllers/Xasset.php</file>
            <file>file:/C:/wamp/www/icic/application/models/Model_asset.php</file>
            <file>file:/C:/wamp/www/icic/application/core/MY_Controller.php</file>
            <file>file:/C:/wamp/www/icic/application/models/Model_assetx.php</file>
            <file>file:/C:/wamp/www/icic/application/views/admin/license.php</file>
            <file>file:/C:/wamp/www/icic/application/controllers/Asset.php</file>
        </group>
    </open-files>
</project-private>
